Band,Validation_score
band_1,69.0
band_2,71.0
band_3,66.0
band_4,63.0
band_5,67.0
band_6,75.0
band_7,77.0
band_8,73.0
band_9,69.0
band_10,52.0
band_11,7.000000000000001
band_12,56.00000000000001
band_13,49.0
